pdb_id,mutation,chain_id,ddg,ddg_pred
2ocj,Q104H,A,-0.24,0.119031906
2ocj,T123A,A,0.13,0.025449365
2ocj,F134L,A,4.78,0.7935248
2ocj,A129S,A,0.19,-0.032271117
2ocj,T150P,A,0.08,0.07037838
2ocj,D148E,A,0.43,0.01839611
2ocj,H168R,A,2.75,0.6412538
2ocj,Q165K,A,1.27,0.04629925
2ocj,R175H,A,3.52,1.0884804
2ocj,L206S,A,0.1,0.7927773
2ocj,I195T,A,4.12,1.6399145
2ocj,M237I,A,3.18,0.19778922
2ocj,D228E,A,-0.05,-0.08123103
2ocj,R249S,A,1.92,0.7708707
2ocj,C242S,A,3.07,0.43939424
2ocj,R273H,A,0.45,0.62386954
2ocj,S260P,A,0.32,0.11331479
2ocj,Q104P,A,-0.11,0.1808725
2ocj,M133L,A,-0.3,-0.35154793
2ocj,D148S,A,-0.22,0.08692327
2ocj,Q167E,A,0.43,-0.1781654
2ocj,C182S,A,-0.16,0.17934252
2ocj,Y220C,A,3.98,1.4514962
2ocj,N239Y,A,-1.49,-0.18821254
2ocj,I255F,A,3.29,1.1487491
2ocj,A129E,A,0.38,0.03516248
2ocj,L145Q,A,2.98,2.4327147
2ocj,V157F,A,3.88,1.5839462
2ocj,R175A,A,0.73,0.6805886
2ocj,V203A,A,-0.49,0.40761775
2ocj,Y236F,A,-0.27,-0.1663219
2ocj,R248Q,A,1.87,-0.18454859
2ocj,R282W,A,3.3,0.58154094
2ocj,A129D,A,0.7,0.108772814
2ocj,V143A,A,3.5,1.867215
2ocj,P151S,A,4.49,1.0329142
2ocj,R174K,A,0.22,0.016323
2ocj,L201P,A,-0.35,-0.075980335
2ocj,I232T,A,3.19,1.6746737
2ocj,G245S,A,1.21,0.54932225
2ocj,F270C,A,4.54,1.2439421
2ocj,N268D,A,-1.21,0.11622372
