pdb_id,mutation,chain_id,ddg,ddg_pred
2ocj,H104Q,A,0.24,-0.32420662
2ocj,A123T,A,-0.13,-0.30458066
2ocj,L134F,A,-4.78,-1.1100502
2ocj,S129A,A,-0.19,-0.21151522
2ocj,P150T,A,-0.08,-0.3619133
2ocj,E148D,A,-0.43,-0.21451774
2ocj,R168H,A,-2.75,-0.8051194
2ocj,K165Q,A,-1.27,-0.3068783
2ocj,H175R,A,-3.52,-1.3413703
2ocj,S206L,A,-0.1,-1.1209781
2ocj,T195I,A,-4.12,-1.9703398
2ocj,I237M,A,-3.18,-0.416611
2ocj,E228D,A,0.05,-0.14672783
2ocj,S249R,A,-1.92,-0.9487188
2ocj,S242C,A,-3.07,-0.661551
2ocj,H273R,A,-0.45,-0.828238
2ocj,P260S,A,-0.32,-0.28706387
2ocj,P104Q,A,0.11,-0.55474985
2ocj,L133M,A,0.3,0.13260616
2ocj,S148D,A,0.22,-0.27220753
2ocj,E167Q,A,-0.43,-0.1100446
2ocj,S182C,A,0.16,-0.39296868
2ocj,C220Y,A,-3.98,-1.7877219
2ocj,Y239N,A,1.49,-0.04183057
2ocj,F255I,A,-3.29,-1.5078311
2ocj,E129A,A,-0.38,-0.32500532
2ocj,Q145L,A,-2.98,-2.7467024
2ocj,F157V,A,-3.88,-1.9324179
2ocj,A175R,A,-0.73,-0.9103613
2ocj,A203V,A,0.49,-0.8013048
2ocj,F236Y,A,0.27,-0.012939066
2ocj,Q248R,A,-1.87,-0.114105314
2ocj,W282R,A,-3.3,-0.75290656
2ocj,D129A,A,-0.7,-0.42615655
2ocj,A143V,A,-3.5,-2.1936538
2ocj,S151P,A,-4.49,-1.2672124
2ocj,K174R,A,-0.22,-0.23640606
2ocj,P201L,A,0.35,-0.18967628
2ocj,T232I,A,-3.19,-1.9847736
2ocj,S245G,A,-1.21,-0.6440432
2ocj,C270F,A,-4.54,-1.6038034
2ocj,D268N,A,1.21,-0.3319892
